alisonkit Alison Kit https://chitter.xyz/@alisonkit@mastodon.art
anthracite Anthracite https://dragon.style/@anthracite
apt apt https://cybre.space/@apt
benlubar Ben Lubar https://chitter.xyz/@ben@lubar.me
bicabee Bica Bee https://twitter.com/BiccaBee
blindsight BlindSight_Art https://twitter.com/BlindSight_Art
blubebbie blubebbie https://meow.social/@blubebbie
candle Candle https://timetheft.social/@candle
cathodegaytube Cathodegaytube https://twitter.com/cathodegaytube
cherrypixelbun Krische https://yiff.life/@CherryPixelBun
chimmie Chimmie https://catcatnya.com/@gameplayervent
coel Coel https://pounced-on.me/@coelacanthus
colloidalamber colloidalamber https://www.tumblr.com/colloidalamber
cricket Cricket https://twitter.com/CRICKETS_ROCK
danfox Danfoxx https://chitter.xyz/@danfoxx
davidrevoy David Revoy https://framapiaf.org/@davidrevoy
dendy Dendy https://awoo.fai.st/users/dendy
digitalfox Digital fox https://yip.vulpine.engineer/@digitalfox
dmowitz Daniel https://rheinhessen.social/@dmowitz
drakonic drakonic https://wetdry.world/@drakonic
duetsneplynx DuetSneplynx https://pawb.fun/@DuetSneplynx
eeveeeuphoria EeveeEuphoria https://yiff.life/@EeveeEuphoria
extinct Extinct https://nitecrew.rip/@extinct
fauli Fauli https://equestria.social/@fauli1221
fellbeast Fell beast https://equestria.social/@g1comics
flyinghyena Flying Hyena https://twitter.com/Flying_Hyena
fox Fox https://social.treehouse.systems/@fox
frederickbrennan Frederick Brennan https://twitter.com/fr_brennan
freja Freja (bunny) https://freja.zone/@freja
fudge Fudge https://vulpine.club/@fudge_the_sphinx
gale Gale https://www.tumblr.com/gale-draws
goaty Goaty https://meow.social/@goaty
groundpear Ground Pear https://twitter.com/ratgroundpear
hayny Hayny https://peoplemaking.games/@hayny
hazardmech hazardmech https://www.tumblr.com/hazardmech
heatherhorns Heatherhorns https://www.tumblr.com/heatherhorns
hukeng HukengArt https://twitter.com/HukengArt
ifixcoinops Dan https://mstdn.social/@ifixcoinops
interstellar1 Interstellar_1 https://furry.engineer/@Interstellar1/
isabelle Isabelle https://twitter.com/Thinkertron2000
ivory Ivory https://wetdry.world/@ioletsgo
jacknorisk Jack Norisk (Laura Giraud) https://www.jacknorisk.art/
jikhai Jik Hai https://twitter.com/Jik_hai
jo Jo https://tech.lgbt/@ShadowJonathan
katnjiapus katnjiapus https://toot.site/@katnjiapus
kay Kay https://chitter.xyz/@kaydemonlp
kinkyturtle KinkyTurtle https://dragon.style/@KinkyTurtle
kiri Kiri https://vt.social/@ExpiredPopsicle
kkzero kkzero https://chitter.xyz/@kkzero
ko Ko https://yiff.life/@koko
konomi Konomi https://chitter.xyz/@konomikitten@tech.lgbt
lamna Lamna https://twitter.com/artlamna
lav LAV https://twitter.com/lilblucat
lennox lennox https://foxpile.online/@lennox
lizzieliz lizzieliz https://www.furaffinity.net/user/lizzieliz/
lowpolyparrot lowpolyparrot https://www.tumblr.com/lowpolyparrot
luavixen lua https://twitter.com/luavixen
lynasdf lyn https://twitter.com/lynasdf
madargon madargon https://is-a.cat/@madargon
mariken Mariken https://www.marikedrawinge.com/
mary Mary https://queer.af/@mary
mewmus Rose https://cohost.org/MewMus
miles Miles https://www.tumblr.com/kidarachind
mindraj mindraj https://chitter.xyz/@mindraj@translunar.academy
mocchapi (lis)anne https://hellsite.site/@mocchapi
nano nano https://yiff.life/@nano
naomidmoon Naomi d'Moon https://woof.tech/@naomi_dmoon
nek0 nek0 https://chaos.social/@nek0
neotheta Neotheta https://toot.finfur.net/@Neotheta
nerithekitten NeriTheKitten https://twitter.com/NeriTheKitten
praetorinfinite PraetorInfinite https://www.deviantart.com/praetorinfinite
puapka1 Puapka1 https://twitter.com/Puapka1
pyrox Pyrox https://social.pyrox.dev/pyrox
qmii Q-mii https://twitter.com/QmiiProductions
realtytrends Realty Trends https://twitter.com/realty_trends
rick Rick https://toot.gnous.eu/@rick
rinidisc RiniDisc https://meow.social/@rinidisc
roxy Roxanne https://tech.lgbt/@roxy
scaliebur Scaliebur https://twitter.com/scaliebur
soaku Soaku https://mstdn.social/@soaku
sockhungryklutz SockHungryClutz https://www.tumblr.com/sockhungryclutz
spade Spade https://twitter.com/creature_sp
squeakypancakes squeakypancakes https://metapixl.com/squeakypancakes
sqxflann Sqx. Flann https://chitter.xyz/@fl4nn
sterophonick Sterophonick https://tech.lgbt/@Sterophonick
stevemc32 Stevemc32 https://twitter.com/Steevn_man
suchipi Lily Suchipi https://corn.social/@suchipi
tacophox TACO.phox https://twitter.com/TacoPhox
toisanemoifs ToisaNeMoifs https://www.deviantart.com/toisanemoifs
tombofnull Null https://voidwood.online/@tombofnull
tori Tori https://mastodon.social/@QuestForTori
tosia Tosia https://snowdin.town/users/tosia
tsunderdog Tsunderdog https://plush.city/@tsunderdog
tudbut TudbuT https://chitter.xyz/@TudbuT@tech.lgbt
usbfig USB https://twitter.com/USBFIG
virtualrook VirtualRook https://mstdn.games/@VirtualRook
voltbun VoltBun https://meow.social/@voltbun
wolfprops Wolf's Prop Creations https://www.furaffinity.net/user/wolfspropcreations/
xinjinmeng Xīn Jīn Měng https://dragon.style/@xinjinmeng
zaeroses Zaeroses https://chitter.xyz/@Zaeroses
zoethearchcatgirl Zoe https://girldick.gay/@ZoeTheArchCatgirl
zutroy Zutroy https://www.reddit.com/user/Zutroy2117/
zwiebelprinz Zwiebelprinz https://twitter.com/Zwiebelprinz
